"STATISTIC","Statistic Label","TLIST(A1)","Census Year","LGD2014","Local Government District","UNPAID_CARE_AGG4","Provision of unpaid care","UNIT","VALUE"
"UR_POP_5+","All usual residents aged 5 and over","2021","2021","N09000001","Antrim and Newtownabbey","1","Provides no unpaid care","Number","119544"
"UR_POP_5+","All usual residents aged 5 and over","2021","2021","N09000001","Antrim and Newtownabbey","2","Provides 1-19 hours unpaid care per week","Number","8378"
"UR_POP_5+","All usual residents aged 5 and over","2021","2021","N09000001","Antrim and Newtownabbey","3","Provides 20-49 hours unpaid care per week","Number","3945"
"UR_POP_5+","All usual residents aged 5 and over","2021","2021","N09000001","Antrim and Newtownabbey","4","Provides 50+ hours unpaid care per week","Number","5474"
"UR_POP_5+","All usual residents aged 5 and over","2021","2021","N09000002","Armagh City, Banbridge and Craigavon","1","Provides no unpaid care","Number","179738"
"UR_POP_5+","All usual residents aged 5 and over","2021","2021","N09000002","Armagh City, Banbridge and Craigavon","2","Provides 1-19 hours unpaid care per week","Number","11376"
"UR_POP_5+","All usual residents aged 5 and over","2021","2021","N09000002","Armagh City, Banbridge and Craigavon","3","Provides 20-49 hours unpaid care per week","Number","5998"
"UR_POP_5+","All usual residents aged 5 and over","2021","2021","N09000002","Armagh City, Banbridge and Craigavon","4","Provides 50+ hours unpaid care per week","Number","7369"
"UR_POP_5+","All usual residents aged 5 and over","2021","2021","N09000003","Belfast","1","Provides no unpaid care","Number","285474"
"UR_POP_5+","All usual residents aged 5 and over","2021","2021","N09000003","Belfast","2","Provides 1-19 hours unpaid care per week","Number","17135"
"UR_POP_5+","All usual residents aged 5 and over","2021","2021","N09000003","Belfast","3","Provides 20-49 hours unpaid care per week","Number","10049"
"UR_POP_5+","All usual residents aged 5 and over","2021","2021","N09000003","Belfast","4","Provides 50+ hours unpaid care per week","Number","12972"
"UR_POP_5+","All usual residents aged 5 and over","2021","2021","N09000004","Causeway Coast and Glens","1","Provides no unpaid care","Number","117786"
"UR_POP_5+","All usual residents aged 5 and over","2021","2021","N09000004","Causeway Coast and Glens","2","Provides 1-19 hours unpaid care per week","Number","7073"
"UR_POP_5+","All usual residents aged 5 and over","2021","2021","N09000004","Causeway Coast and Glens","3","Provides 20-49 hours unpaid care per week","Number","3750"
"UR_POP_5+","All usual residents aged 5 and over","2021","2021","N09000004","Causeway Coast and Glens","4","Provides 50+ hours unpaid care per week","Number","5164"
"UR_POP_5+","All usual residents aged 5 and over","2021","2021","N09000005","Derry City and Strabane","1","Provides no unpaid care","Number","123486"
"UR_POP_5+","All usual residents aged 5 and over","2021","2021","N09000005","Derry City and Strabane","2","Provides 1-19 hours unpaid care per week","Number","7135"
"UR_POP_5+","All usual residents aged 5 and over","2021","2021","N09000005","Derry City and Strabane","3","Provides 20-49 hours unpaid care per week","Number","4786"
"UR_POP_5+","All usual residents aged 5 and over","2021","2021","N09000005","Derry City and Strabane","4","Provides 50+ hours unpaid care per week","Number","6057"
"UR_POP_5+","All usual residents aged 5 and over","2021","2021","N09000006","Fermanagh and Omagh","1","Provides no unpaid care","Number","96841"
"UR_POP_5+","All usual residents aged 5 and over","2021","2021","N09000006","Fermanagh and Omagh","2","Provides 1-19 hours unpaid care per week","Number","5738"
"UR_POP_5+","All usual residents aged 5 and over","2021","2021","N09000006","Fermanagh and Omagh","3","Provides 20-49 hours unpaid care per week","Number","3067"
"UR_POP_5+","All usual residents aged 5 and over","2021","2021","N09000006","Fermanagh and Omagh","4","Provides 50+ hours unpaid care per week","Number","3835"
"UR_POP_5+","All usual residents aged 5 and over","2021","2021","N09000007","Lisburn and Castlereagh","1","Provides no unpaid care","Number","122198"
"UR_POP_5+","All usual residents aged 5 and over","2021","2021","N09000007","Lisburn and Castlereagh","2","Provides 1-19 hours unpaid care per week","Number","9205"
"UR_POP_5+","All usual residents aged 5 and over","2021","2021","N09000007","Lisburn and Castlereagh","3","Provides 20-49 hours unpaid care per week","Number","3684"
"UR_POP_5+","All usual residents aged 5 and over","2021","2021","N09000007","Lisburn and Castlereagh","4","Provides 50+ hours unpaid care per week","Number","4979"
"UR_POP_5+","All usual residents aged 5 and over","2021","2021","N09000008","Mid and East Antrim","1","Provides no unpaid care","Number","114800"
"UR_POP_5+","All usual residents aged 5 and over","2021","2021","N09000008","Mid and East Antrim","2","Provides 1-19 hours unpaid care per week","Number","7912"
"UR_POP_5+","All usual residents aged 5 and over","2021","2021","N09000008","Mid and East Antrim","3","Provides 20-49 hours unpaid care per week","Number","3729"
"UR_POP_5+","All usual residents aged 5 and over","2021","2021","N09000008","Mid and East Antrim","4","Provides 50+ hours unpaid care per week","Number","5018"
"UR_POP_5+","All usual residents aged 5 and over","2021","2021","N09000009","Mid Ulster","1","Provides no unpaid care","Number","123963"
"UR_POP_5+","All usual residents aged 5 and over","2021","2021","N09000009","Mid Ulster","2","Provides 1-19 hours unpaid care per week","Number","6896"
"UR_POP_5+","All usual residents aged 5 and over","2021","2021","N09000009","Mid Ulster","3","Provides 20-49 hours unpaid care per week","Number","4093"
"UR_POP_5+","All usual residents aged 5 and over","2021","2021","N09000009","Mid Ulster","4","Provides 50+ hours unpaid care per week","Number","4740"
"UR_POP_5+","All usual residents aged 5 and over","2021","2021","N09000010","Newry, Mourne and Down","1","Provides no unpaid care","Number","148972"
"UR_POP_5+","All usual residents aged 5 and over","2021","2021","N09000010","Newry, Mourne and Down","2","Provides 1-19 hours unpaid care per week","Number","9395"
"UR_POP_5+","All usual residents aged 5 and over","2021","2021","N09000010","Newry, Mourne and Down","3","Provides 20-49 hours unpaid care per week","Number","5225"
"UR_POP_5+","All usual residents aged 5 and over","2021","2021","N09000010","Newry, Mourne and Down","4","Provides 50+ hours unpaid care per week","Number","6760"
"UR_POP_5+","All usual residents aged 5 and over","2021","2021","N09000011","Ards and North Down","1","Provides no unpaid care","Number","134334"
"UR_POP_5+","All usual residents aged 5 and over","2021","2021","N09000011","Ards and North Down","2","Provides 1-19 hours unpaid care per week","Number","10538"
"UR_POP_5+","All usual residents aged 5 and over","2021","2021","N09000011","Ards and North Down","3","Provides 20-49 hours unpaid care per week","Number","4420"
"UR_POP_5+","All usual residents aged 5 and over","2021","2021","N09000011","Ards and North Down","4","Provides 50+ hours unpaid care per week","Number","6323"
